,Test,Ct_values,Date,sample_id
0,Target 1,38.22,2023-05-31,1
1,Target 2,41.98,2023-05-31,1
2,Extraction control,28.07,2023-05-31,1
3,Normalization factor,22.27,2023-05-31,1
4,Target 1,34.22,2023-06-07,1
5,Target 2,37.4,2023-06-07,1
6,Extraction control,27.73,2023-06-07,1
7,Normalization factor,22.47,2023-06-07,1
8,Target 1,31.06,2023-06-14,1
9,Target 2,33.98,2023-06-14,1
10,Extraction control,28.29,2023-06-14,1
11,Normalization factor,23.64,2023-06-14,1
12,Target 1,33.67,2023-06-21,1
13,Target 2,34.84,2023-06-21,1
14,Extraction control,28.34,2023-06-21,1
15,Normalization factor,23.06,2023-06-21,1
16,Target 1,37.39,2023-06-28,1
17,Target 2,36.75,2023-06-28,1
18,Extraction control,27.27,2023-06-28,1
19,Normalization factor,24.48,2023-06-28,1
20,Target 1,35.36,2023-07-06,1
21,Target 2,36.28,2023-07-06,1
22,Extraction control,28.66,2023-07-06,1
23,Normalization factor,24.6,2023-07-06,1
24,Target 1,35.4,2023-07-12,1
25,Target 2,38.67,2023-07-12,1
26,Extraction control,26.94,2023-07-12,1
27,Normalization factor,22.35,2023-07-12,1
28,Target 1,30.77,2023-07-19,1
29,Target 2,32.2,2023-07-19,1
30,Extraction control,26.61,2023-07-19,1
31,Normalization factor,22.78,2023-07-19,1
32,Target 1,33.52,2023-07-26,1
33,Target 2,33.17,2023-07-26,1
34,Extraction control,29.22,2023-07-26,1
35,Normalization factor,25.68,2023-07-26,1
36,Target 1,32.99,2023-08-02,1
37,Target 2,34.12,2023-08-02,1
38,Extraction control,28.58,2023-08-02,1
39,Normalization factor,24.92,2023-08-02,1
40,Target 1,38.22,2023-08-09,1
41,Target 2,39.1,2023-08-09,1
42,Extraction control,28.15,2023-08-09,1
43,Normalization factor,24.76,2023-08-09,1
44,Target 1,34.17,2023-08-16,1
45,Target 2,39.78,2023-08-16,1
46,Extraction control,26.57,2023-08-16,1
47,Normalization factor,24.09,2023-08-16,1
48,Target 1,41.51,2023-08-23,1
49,Target 2,ND,2023-08-23,1
50,Extraction control,30.22,2023-08-23,1
51,Normalization factor,25.89,2023-08-23,1
52,Target 1,36.32,2023-08-30,1
53,Target 2,38.98,2023-08-30,1
54,Extraction control,28.45,2023-08-30,1
55,Normalization factor,23.88,2023-08-30,1
56,Target 1,34.52,2023-09-06,1
57,Target 2,36.69,2023-09-06,1
58,Extraction control,29.96,2023-09-06,1
59,Normalization factor,23.51,2023-09-06,1
60,Target 1,37.3,2023-09-13,1
61,Target 2,ND,2023-09-13,1
62,Extraction control,30.22,2023-09-13,1
63,Normalization factor,26.26,2023-09-13,1
64,Target 1,33.48,2023-09-20,1
65,Target 2,35.1,2023-09-20,1
66,Extraction control,27.63,2023-09-20,1
67,Normalization factor,24.37,2023-09-20,1
68,Target 1,36.2,2023-09-27,1
69,Target 2,41.55,2023-09-27,1
70,Extraction control,27.69,2023-09-27,1
71,Normalization factor,24.5,2023-09-27,1
72,Target 1,32.11,2023-10-04,1
73,Target 2,33.94,2023-10-04,1
74,Extraction control,27.74,2023-10-04,1
75,Normalization factor,23.4,2023-10-04,1
76,Target 1,34.01,2023-10-11,1
77,Target 2,36.28,2023-10-11,1
78,Extraction control,25.66,2023-10-11,1
79,Normalization factor,23.57,2023-10-11,1
80,Target 1,32.08,2023-10-18,1
81,Target 2,33.95,2023-10-18,1
82,Extraction control,25.45,2023-10-18,1
83,Normalization factor,22.55,2023-10-18,1
84,Target 1,31.64,2023-10-25,1
85,Target 2,ND,2023-10-25,1
86,Extraction control,23.85,2023-10-25,1
87,Normalization factor,20.79,2023-10-25,1
88,Target 1,35.25,2023-11-01,1
89,Target 2,35.52,2023-11-01,1
90,Extraction control,26.35,2023-11-01,1
91,Normalization factor,23.65,2023-11-01,1
92,Target 1,32.48,2023-11-07,1
93,Target 2,37.12,2023-11-07,1
94,Extraction control,26.83,2023-11-07,1
95,Normalization factor,23.56,2023-11-07,1
96,Target 1,32.96,2023-11-15,1
97,Target 2,36.06,2023-11-15,1
98,Extraction control,25.44,2023-11-15,1
99,Normalization factor,22.76,2023-11-15,1
100,Target 1,34.85,2023-11-21,1
101,Target 2,35.26,2023-11-21,1
102,Extraction control,26.22,2023-11-21,1
103,Normalization factor,23.1,2023-11-21,1
104,Target 1,31.8,2023-11-29,1
105,Target 2,33.07,2023-11-29,1
106,Extraction control,25.98,2023-11-29,1
107,Normalization factor,23.67,2023-11-29,1
108,Target 1,32.09,2023-12-06,1
109,Target 2,33.41,2023-12-06,1
110,Extraction control,27.07,2023-12-06,1
111,Normalization factor,24.72,2023-12-06,1
112,Target 1,33.06,2023-12-13,1
113,Target 2,33.86,2023-12-13,1
114,Extraction control,27.97,2023-12-13,1
115,Normalization factor,25.28,2023-12-13,1
116,Target 1,33.72,2023-12-20,1
117,Target 2,35.16,2023-12-20,1
118,Extraction control,27.8,2023-12-20,1
119,Normalization factor,24.89,2023-12-20,1
120,Target 1,31.36,2023-12-27,1
121,Target 2,32.86,2023-12-27,1
122,Extraction control,27.88,2023-12-27,1
123,Normalization factor,24.47,2023-12-27,1
124,Target 1,32.07,2024-01-03,1
125,Target 2,33.19,2024-01-03,1
126,Extraction control,15.47,2024-01-03,1
127,Normalization factor,24.85,2024-01-03,1
128,Target 1,32.93,2024-01-10,1
129,Target 2,34.74,2024-01-10,1
130,Extraction control,29.1,2024-01-10,1
131,Normalization factor,25.47,2024-01-10,1
132,Target 1,ND,2024-01-17,1
133,Target 2,38.71,2024-01-17,1
134,Extraction control,29.39,2024-01-17,1
135,Normalization factor,34.82,2024-01-17,1
136,Target 1,35.47,2024-01-24,1
137,Target 2,35.45,2024-01-24,1
138,Extraction control,26.95,2024-01-24,1
139,Normalization factor,25.01,2024-01-24,1
140,Target 1,30.69,2024-01-31,1
141,Target 2,31.42,2024-01-31,1
142,Extraction control,27.2,2024-01-31,1
143,Normalization factor,24.13,2024-01-31,1
144,Target 1,32.04,2024-02-07,1
145,Target 2,33.15,2024-02-07,1
146,Extraction control,26.99,2024-02-07,1
147,Normalization factor,24.9,2024-02-07,1
148,Target 1,34.81,2024-02-14,1
149,Target 2,34.56,2024-02-14,1
150,Extraction control,28.29,2024-02-14,1
151,Normalization factor,25.91,2024-02-14,1
152,Target 1,31.67,2024-02-21,1
153,Target 2,32.26,2024-02-21,1
154,Extraction control,22.08,2024-02-21,1
155,Normalization factor,23.12,2024-02-21,1
156,Target 1,33.4,2024-02-28,1
157,Target 2,33.44,2024-02-28,1
158,Extraction control,23.97,2024-02-28,1
159,Normalization factor,24.36,2024-02-28,1
160,Target 1,35.54,2024-03-06,1
161,Target 2,35.29,2024-03-06,1
162,Extraction control,24.94,2024-03-06,1
163,Normalization factor,25.3,2024-03-06,1
164,Target 1,32.44,2024-03-13,1
165,Target 2,33.13,2024-03-13,1
166,Extraction control,23.92,2024-03-13,1
167,Normalization factor,24.24,2024-03-13,1
168,Target 1,34.45,2024-03-20,1
169,Target 2,36.09,2024-03-20,1
170,Extraction control,24.38,2024-03-20,1
171,Normalization factor,23.78,2024-03-20,1
172,Target 1,35.75,2024-03-27,1
173,Target 2,35.04,2024-03-27,1
174,Extraction control,25.85,2024-03-27,1
175,Normalization factor,24.52,2024-03-27,1
176,Target 1,ND,2024-04-03,1
177,Target 2,39.94,2024-04-03,1
178,Extraction control,25.88,2024-04-03,1
179,Normalization factor,26.16,2024-04-03,1
180,Target 1,ND,2024-04-10,1
181,Target 2,39.03,2024-04-10,1
182,Extraction control,23.96,2024-04-10,1
183,Normalization factor,25.91,2024-04-10,1
184,Target 1,ND,2024-04-17,1
185,Target 2,37.46,2024-04-17,1
186,Extraction control,23.21,2024-04-17,1
187,Normalization factor,24.38,2024-04-17,1
188,Target 1,33.54,2024-04-24,1
189,Target 2,38.25,2024-04-24,1
190,Extraction control,23.95,2024-04-24,1
191,Normalization factor,24.57,2024-04-24,1
192,Target 1,35.01,2024-04-30,1
193,Target 2,ND,2024-04-30,1
194,Extraction control,24.16,2024-04-30,1
195,Normalization factor,24.19,2024-04-30,1
196,Target 1,34.2,2024-05-08,1
197,Target 2,34.88,2024-05-08,1
198,Extraction control,23.26,2024-05-08,1
199,Normalization factor,24.19,2024-05-08,1
200,Target 1,35.65,2024-05-15,1
201,Target 2,ND,2024-05-15,1
202,Extraction control,25.23,2024-05-15,1
203,Normalization factor,24.75,2024-05-15,1
204,Target 1,ND,2024-05-22,1
205,Target 2,40.06,2024-05-22,1
206,Extraction control,26.07,2024-05-22,1
207,Normalization factor,23.89,2024-05-22,1
208,Target 1,35.09,2024-05-29,1
209,Target 2,35.41,2024-05-29,1
210,Extraction control,25.34,2024-05-29,1
211,Normalization factor,25.3,2024-05-29,1
212,Target 1,32.79,2024-06-05,1
213,Target 2,33.53,2024-06-05,1
214,Extraction control,23.94,2024-06-05,1
215,Normalization factor,24.96,2024-06-05,1
216,Target 1,33.88,2024-06-12,1
217,Target 2,36.16,2024-06-12,1
218,Extraction control,22.93,2024-06-12,1
219,Normalization factor,23.77,2024-06-12,1
220,Target 1,ND,2024-06-18,1
221,Target 2,39.26,2024-06-18,1
222,Extraction control,24.51,2024-06-18,1
223,Normalization factor,25.05,2024-06-18,1
224,Target 1,34.84,2024-06-27,1
225,Target 2,36.0,2024-06-27,1
226,Extraction control,25.55,2024-06-27,1
227,Normalization factor,23.83,2024-06-27,1
228,Target 1,37.46,2024-07-02,1
229,Target 2,37.03,2024-07-02,1
230,Extraction control,26.28,2024-07-02,1
231,Normalization factor,24.91,2024-07-02,1
232,Target 1,34.27,2024-07-10,1
233,Target 2,34.68,2024-07-10,1
234,Extraction control,25.57,2024-07-10,1
235,Normalization factor,24.72,2024-07-10,1
236,Target 1,33.74,2024-07-17,1
237,Target 2,34.74,2024-07-17,1
238,Extraction control,24.8,2024-07-17,1
239,Normalization factor,24.75,2024-07-17,1
240,Target 1,31.2,2024-07-24,1
241,Target 2,31.43,2024-07-24,1
242,Extraction control,26.04,2024-07-24,1
243,Normalization factor,23.88,2024-07-24,1
244,Target 1,31.7,2024-08-01,1
245,Target 2,33.14,2024-08-01,1
246,Extraction control,25.24,2024-08-01,1
247,Normalization factor,23.79,2024-08-01,1
248,Target 1,31.61,2024-08-07,1
249,Target 2,32.69,2024-08-07,1
250,Extraction control,26.61,2024-08-07,1
251,Normalization factor,25.26,2024-08-07,1
252,Target 1,31.2,2024-08-14,1
253,Target 2,32.22,2024-08-14,1
254,Extraction control,26.8,2024-08-14,1
255,Normalization factor,23.64,2024-08-14,1
256,Target 1,34.44,2024-08-21,1
257,Target 2,34.99,2024-08-21,1
258,Extraction control,25.87,2024-08-21,1
259,Normalization factor,23.57,2024-08-21,1
260,Target 1,31.38,2024-08-28,1
261,Target 2,32.67,2024-08-28,1
262,Extraction control,26.19,2024-08-28,1
263,Normalization factor,24.51,2024-08-28,1
264,Target 1,31.29,2024-09-04,1
265,Target 2,32.3,2024-09-04,1
266,Extraction control,24.64,2024-09-04,1
267,Normalization factor,23.74,2024-09-04,1
268,Target 1,33.17,2024-09-11,1
269,Target 2,32.93,2024-09-11,1
270,Extraction control,24.48,2024-09-11,1
271,Normalization factor,23.97,2024-09-11,1
272,Target 1,32.37,2024-09-18,1
273,Target 2,34.64,2024-09-18,1
274,Extraction control,24.68,2024-09-18,1
275,Normalization factor,25.19,2024-09-18,1
276,Target 1,32.8,2024-09-25,1
277,Target 2,35.48,2024-09-25,1
278,Extraction control,25.6,2024-09-25,1
279,Normalization factor,27.01,2024-09-25,1
280,Target 1,31.87,2024-10-02,1
281,Target 2,32.95,2024-10-02,1
282,Extraction control,24.12,2024-10-02,1
283,Normalization factor,25.04,2024-10-02,1
284,Target 1,NoSample,2024-10-09,1
285,Target 2,NoSample,2024-10-09,1
286,Extraction control,NoSample,2024-10-09,1
287,Normalization factor,NoSample,2024-10-09,1
288,Target 1,34.73,2024-10-16,1
289,Target 2,39.85,2024-10-16,1
290,Extraction control,25.36,2024-10-16,1
291,Normalization factor,25.45,2024-10-16,1
292,Target 1,ND,2024-10-23,1
293,Target 2,40.69,2024-10-23,1
294,Extraction control,24.39,2024-10-23,1
295,Normalization factor,24.64,2024-10-23,1
296,Target 1,36.68,2024-10-30,1
297,Target 2,39.2,2024-10-30,1
298,Extraction control,24.97,2024-10-30,1
299,Normalization factor,25.17,2024-10-30,1
300,Target 1,32.95,2024-11-06,1
301,Target 2,34.83,2024-11-06,1
302,Extraction control,25.32,2024-11-06,1
303,Normalization factor,26.44,2024-11-06,1
304,Target 1,34.66,2024-11-13,1
305,Target 2,36.27,2024-11-13,1
306,Extraction control,25.11,2024-11-13,1
307,Normalization factor,24.94,2024-11-13,1
308,Target 1,ND,2024-11-20,1
309,Target 2,ND,2024-11-20,1
310,Extraction control,24.33,2024-11-20,1
311,Normalization factor,25.71,2024-11-20,1
312,Target 1,31.59,2024-11-26,1
313,Target 2,32.91,2024-11-26,1
314,Extraction control,24.48,2024-11-26,1
315,Normalization factor,24.22,2024-11-26,1
316,Target 1,33.8,2024-12-04,1
317,Target 2,34.22,2024-12-04,1
318,Extraction control,24.36,2024-12-04,1
319,Normalization factor,24.48,2024-12-04,1
320,Target 1,36.13,2023-05-31,2
321,Target 2,38.44,2023-05-31,2
322,Extraction control,27.69,2023-05-31,2
323,Normalization factor,21.24,2023-05-31,2
324,Target 1,33.86,2023-06-07,2
325,Target 2,34.17,2023-06-07,2
326,Extraction control,27.34,2023-06-07,2
327,Normalization factor,23.92,2023-06-07,2
328,Target 1,31.18,2023-06-14,2
329,Target 2,32.08,2023-06-14,2
330,Extraction control,27.91,2023-06-14,2
331,Normalization factor,23.41,2023-06-14,2
332,Target 1,37.05,2023-06-21,2
333,Target 2,36.75,2023-06-21,2
334,Extraction control,28.93,2023-06-21,2
335,Normalization factor,23.46,2023-06-21,2
336,Target 1,ND,2023-06-28,2
337,Target 2,36.71,2023-06-28,2
338,Extraction control,27.09,2023-06-28,2
339,Normalization factor,25.17,2023-06-28,2
340,Target 1,37.47,2023-07-06,2
341,Target 2,ND,2023-07-06,2
342,Extraction control,29.13,2023-07-06,2
343,Normalization factor,24.69,2023-07-06,2
344,Target 1,ND,2023-07-12,2
345,Target 2,ND,2023-07-12,2
346,Extraction control,27.48,2023-07-12,2
347,Normalization factor,23.2,2023-07-12,2
348,Target 1,33.51,2023-07-19,2
349,Target 2,33.66,2023-07-19,2
350,Extraction control,26.63,2023-07-19,2
351,Normalization factor,22.98,2023-07-19,2
352,Target 1,36.12,2023-07-26,2
353,Target 2,36.14,2023-07-26,2
354,Extraction control,29.01,2023-07-26,2
355,Normalization factor,26.5,2023-07-26,2
356,Target 1,34.41,2023-08-02,2
357,Target 2,37.65,2023-08-02,2
358,Extraction control,30.06,2023-08-02,2
359,Normalization factor,26.42,2023-08-02,2
360,Target 1,38.18,2023-08-09,2
361,Target 2,ND,2023-08-09,2
362,Extraction control,27.82,2023-08-09,2
363,Normalization factor,23.84,2023-08-09,2
364,Target 1,32.86,2023-08-16,2
365,Target 2,35.3,2023-08-16,2
366,Extraction control,27.29,2023-08-16,2
367,Normalization factor,25.65,2023-08-16,2
368,Target 1,37.58,2023-08-23,2
369,Target 2,ND,2023-08-23,2
370,Extraction control,29.74,2023-08-23,2
371,Normalization factor,24.13,2023-08-23,2
372,Target 1,ND,2023-08-30,2
373,Target 2,ND,2023-08-30,2
374,Extraction control,28.64,2023-08-30,2
375,Normalization factor,23.15,2023-08-30,2
376,Target 1,35.66,2023-09-06,2
377,Target 2,39.13,2023-09-06,2
378,Extraction control,28.45,2023-09-06,2
379,Normalization factor,23.95,2023-09-06,2
380,Target 1,ND,2023-09-13,2
381,Target 2,ND,2023-09-13,2
382,Extraction control,30.42,2023-09-13,2
383,Normalization factor,26.25,2023-09-13,2
384,Target 1,34.03,2023-09-20,2
385,Target 2,35.97,2023-09-20,2
386,Extraction control,27.86,2023-09-20,2
387,Normalization factor,25.34,2023-09-20,2
388,Target 1,34.35,2023-09-27,2
389,Target 2,40.04,2023-09-27,2
390,Extraction control,27.18,2023-09-27,2
391,Normalization factor,23.65,2023-09-27,2
392,Target 1,31.82,2023-10-04,2
393,Target 2,33.98,2023-10-04,2
394,Extraction control,27.5,2023-10-04,2
395,Normalization factor,23.32,2023-10-04,2
396,Target 1,37.72,2023-10-11,2
397,Target 2,39.46,2023-10-11,2
398,Extraction control,25.23,2023-10-11,2
399,Normalization factor,23.26,2023-10-11,2
400,Target 1,36.08,2023-10-18,2
401,Target 2,38.4,2023-10-18,2
402,Extraction control,26.27,2023-10-18,2
403,Normalization factor,23.42,2023-10-18,2
404,Target 1,29.77,2023-10-25,2
405,Target 2,31.22,2023-10-25,2
406,Extraction control,24.23,2023-10-25,2
407,Normalization factor,20.23,2023-10-25,2
408,Target 1,35.38,2023-11-01,2
409,Target 2,36.74,2023-11-01,2
410,Extraction control,26.62,2023-11-01,2
411,Normalization factor,24.19,2023-11-01,2
412,Target 1,33.08,2023-11-07,2
413,Target 2,38.77,2023-11-07,2
414,Extraction control,26.91,2023-11-07,2
415,Normalization factor,23.59,2023-11-07,2
416,Target 1,36.14,2023-11-15,2
417,Target 2,37.2,2023-11-15,2
418,Extraction control,25.53,2023-11-15,2
419,Normalization factor,23.28,2023-11-15,2
420,Target 1,35.6,2023-11-21,2
421,Target 2,36.16,2023-11-21,2
422,Extraction control,25.73,2023-11-21,2
423,Normalization factor,23.21,2023-11-21,2
424,Target 1,33.12,2023-11-29,2
425,Target 2,34.19,2023-11-29,2
426,Extraction control,26.18,2023-11-29,2
427,Normalization factor,24.4,2023-11-29,2
428,Target 1,34.41,2023-12-06,2
429,Target 2,36.63,2023-12-06,2
430,Extraction control,27.52,2023-12-06,2
431,Normalization factor,24.59,2023-12-06,2
432,Target 1,32.77,2023-12-13,2
433,Target 2,34.2,2023-12-13,2
434,Extraction control,27.81,2023-12-13,2
435,Normalization factor,24.52,2023-12-13,2
436,Target 1,33.77,2023-12-20,2
437,Target 2,35.65,2023-12-20,2
438,Extraction control,27.64,2023-12-20,2
439,Normalization factor,25.32,2023-12-20,2
440,Target 1,32.26,2023-12-27,2
441,Target 2,32.99,2023-12-27,2
442,Extraction control,28.34,2023-12-27,2
443,Normalization factor,24.41,2023-12-27,2
444,Target 1,33.49,2024-01-03,2
445,Target 2,34.45,2024-01-03,2
446,Extraction control,26.61,2024-01-03,2
447,Normalization factor,25.04,2024-01-03,2
448,Target 1,35.1,2024-01-10,2
449,Target 2,37.89,2024-01-10,2
450,Extraction control,29.0,2024-01-10,2
451,Normalization factor,27.84,2024-01-10,2
452,Target 1,35.38,2024-01-17,2
453,Target 2,38.12,2024-01-17,2
454,Extraction control,29.14,2024-01-17,2
455,Normalization factor,28.71,2024-01-17,2
456,Target 1,37.56,2024-01-24,2
457,Target 2,37.59,2024-01-24,2
458,Extraction control,26.94,2024-01-24,2
459,Normalization factor,24.42,2024-01-24,2
460,Target 1,32.22,2024-01-31,2
461,Target 2,32.61,2024-01-31,2
462,Extraction control,27.24,2024-01-31,2
463,Normalization factor,24.66,2024-01-31,2
464,Target 1,33.35,2024-02-07,2
465,Target 2,33.49,2024-02-07,2
466,Extraction control,26.94,2024-02-07,2
467,Normalization factor,25.01,2024-02-07,2
468,Target 1,33.2,2024-02-14,2
469,Target 2,34.3,2024-02-14,2
470,Extraction control,27.8,2024-02-14,2
471,Normalization factor,25.77,2024-02-14,2
472,Target 1,34.21,2024-02-21,2
473,Target 2,36.1,2024-02-21,2
474,Extraction control,21.27,2024-02-21,2
475,Normalization factor,23.29,2024-02-21,2
476,Target 1,34.25,2024-02-28,2
477,Target 2,34.97,2024-02-28,2
478,Extraction control,23.83,2024-02-28,2
479,Normalization factor,24.74,2024-02-28,2
480,Target 1,34.89,2024-03-06,2
481,Target 2,37.21,2024-03-06,2
482,Extraction control,24.7,2024-03-06,2
483,Normalization factor,25.17,2024-03-06,2
484,Target 1,33.37,2024-03-13,2
485,Target 2,32.12,2024-03-13,2
486,Extraction control,23.87,2024-03-13,2
487,Normalization factor,25.19,2024-03-13,2
488,Target 1,36.17,2024-03-20,2
489,Target 2,37.3,2024-03-20,2
490,Extraction control,24.33,2024-03-20,2
491,Normalization factor,22.54,2024-03-20,2
492,Target 1,ND,2024-03-27,2
493,Target 2,41.28,2024-03-27,2
494,Extraction control,25.91,2024-03-27,2
495,Normalization factor,24.72,2024-03-27,2
496,Target 1,ND,2024-04-03,2
497,Target 2,ND,2024-04-03,2
498,Extraction control,25.95,2024-04-03,2
499,Normalization factor,26.85,2024-04-03,2
500,Target 1,ND,2024-04-10,2
501,Target 2,39.17,2024-04-10,2
502,Extraction control,24.1,2024-04-10,2
503,Normalization factor,26.29,2024-04-10,2
504,Target 1,ND,2024-04-17,2
505,Target 2,ND,2024-04-17,2
506,Extraction control,23.5,2024-04-17,2
507,Normalization factor,25.02,2024-04-17,2
508,Target 1,34.32,2024-04-24,2
509,Target 2,34.34,2024-04-24,2
510,Extraction control,24.3,2024-04-24,2
511,Normalization factor,25.51,2024-04-24,2
512,Target 1,ND,2024-04-30,2
513,Target 2,ND,2024-04-30,2
514,Extraction control,24.2,2024-04-30,2
515,Normalization factor,25.39,2024-04-30,2
516,Target 1,36.69,2024-05-08,2
517,Target 2,38.78,2024-05-08,2
518,Extraction control,23.67,2024-05-08,2
519,Normalization factor,25.21,2024-05-08,2
520,Target 1,ND,2024-05-15,2
521,Target 2,ND,2024-05-15,2
522,Extraction control,25.62,2024-05-15,2
523,Normalization factor,25.58,2024-05-15,2
524,Target 1,37.54,2024-05-22,2
525,Target 2,37.19,2024-05-22,2
526,Extraction control,26.09,2024-05-22,2
527,Normalization factor,24.0,2024-05-22,2
528,Target 1,34.09,2024-05-29,2
529,Target 2,34.4,2024-05-29,2
530,Extraction control,25.46,2024-05-29,2
531,Normalization factor,25.41,2024-05-29,2
532,Target 1,37.68,2024-06-05,2
533,Target 2,36.62,2024-06-05,2
534,Extraction control,24.05,2024-06-05,2
535,Normalization factor,24.4,2024-06-05,2
536,Target 1,ND,2024-06-12,2
537,Target 2,ND,2024-06-12,2
538,Extraction control,23.65,2024-06-12,2
539,Normalization factor,26.41,2024-06-12,2
540,Target 1,37.55,2024-06-18,2
541,Target 2,ND,2024-06-18,2
542,Extraction control,23.91,2024-06-18,2
543,Normalization factor,25.22,2024-06-18,2
544,Target 1,36.43,2024-06-27,2
545,Target 2,38.23,2024-06-27,2
546,Extraction control,25.98,2024-06-27,2
547,Normalization factor,24.86,2024-06-27,2
548,Target 1,36.33,2024-07-02,2
549,Target 2,39.83,2024-07-02,2
550,Extraction control,26.1,2024-07-02,2
551,Normalization factor,24.95,2024-07-02,2
552,Target 1,33.0,2024-07-10,2
553,Target 2,33.79,2024-07-10,2
554,Extraction control,25.85,2024-07-10,2
555,Normalization factor,25.55,2024-07-10,2
556,Target 1,ND,2024-07-17,2
557,Target 2,37.02,2024-07-17,2
558,Extraction control,25.12,2024-07-17,2
559,Normalization factor,25.49,2024-07-17,2
560,Target 1,33.95,2024-07-24,2
561,Target 2,35.82,2024-07-24,2
562,Extraction control,26.47,2024-07-24,2
563,Normalization factor,24.36,2024-07-24,2
564,Target 1,33.43,2024-08-01,2
565,Target 2,34.79,2024-08-01,2
566,Extraction control,25.33,2024-08-01,2
567,Normalization factor,22.78,2024-08-01,2
568,Target 1,36.0,2024-08-07,2
569,Target 2,ND,2024-08-07,2
570,Extraction control,27.26,2024-08-07,2
571,Normalization factor,27.79,2024-08-07,2
572,Target 1,31.61,2024-08-14,2
573,Target 2,33.09,2024-08-14,2
574,Extraction control,26.94,2024-08-14,2
575,Normalization factor,24.7,2024-08-14,2
576,Target 1,34.92,2024-08-21,2
577,Target 2,39.59,2024-08-21,2
578,Extraction control,25.91,2024-08-21,2
579,Normalization factor,23.41,2024-08-21,2
580,Target 1,31.64,2024-08-28,2
581,Target 2,32.99,2024-08-28,2
582,Extraction control,25.81,2024-08-28,2
583,Normalization factor,24.9,2024-08-28,2
584,Target 1,31.64,2024-09-04,2
585,Target 2,33.13,2024-09-04,2
586,Extraction control,24.81,2024-09-04,2
587,Normalization factor,23.71,2024-09-04,2
588,Target 1,33.36,2024-09-11,2
589,Target 2,36.06,2024-09-11,2
590,Extraction control,24.55,2024-09-11,2
591,Normalization factor,23.97,2024-09-11,2
592,Target 1,33.43,2024-09-18,2
593,Target 2,35.35,2024-09-18,2
594,Extraction control,24.78,2024-09-18,2
595,Normalization factor,24.8,2024-09-18,2
596,Target 1,33.27,2024-09-25,2
597,Target 2,35.8,2024-09-25,2
598,Extraction control,25.1,2024-09-25,2
599,Normalization factor,26.55,2024-09-25,2
600,Target 1,32.41,2024-10-02,2
601,Target 2,33.86,2024-10-02,2
602,Extraction control,24.08,2024-10-02,2
603,Normalization factor,25.64,2024-10-02,2
604,Target 1,NoSample,2024-10-09,2
605,Target 2,NoSample,2024-10-09,2
606,Extraction control,NoSample,2024-10-09,2
607,Normalization factor,NoSample,2024-10-09,2
608,Target 1,34.5,2024-10-16,2
609,Target 2,36.6,2024-10-16,2
610,Extraction control,25.27,2024-10-16,2
611,Normalization factor,25.73,2024-10-16,2
612,Target 1,36.39,2024-10-23,2
613,Target 2,39.52,2024-10-23,2
614,Extraction control,24.57,2024-10-23,2
615,Normalization factor,24.57,2024-10-23,2
616,Target 1,ND,2024-10-30,2
617,Target 2,ND,2024-10-30,2
618,Extraction control,24.81,2024-10-30,2
619,Normalization factor,25.56,2024-10-30,2
620,Target 1,35.6,2024-11-06,2
621,Target 2,36.14,2024-11-06,2
622,Extraction control,25.69,2024-11-06,2
623,Normalization factor,27.99,2024-11-06,2
624,Target 1,39.16,2024-11-13,2
625,Target 2,38.6,2024-11-13,2
626,Extraction control,25.15,2024-11-13,2
627,Normalization factor,25.84,2024-11-13,2
628,Target 1,ND,2024-11-20,2
629,Target 2,ND,2024-11-20,2
630,Extraction control,24.38,2024-11-20,2
631,Normalization factor,26.62,2024-11-20,2
632,Target 1,33.56,2024-11-26,2
633,Target 2,34.23,2024-11-26,2
634,Extraction control,23.79,2024-11-26,2
635,Normalization factor,25.23,2024-11-26,2
636,Target 1,37.22,2024-12-04,2
637,Target 2,ND,2024-12-04,2
638,Extraction control,24.31,2024-12-04,2
639,Normalization factor,24.04,2024-12-04,2
640,Target 1,35.94,2023-05-31,3
641,Target 2,ND,2023-05-31,3
642,Extraction control,28.74,2023-05-31,3
643,Normalization factor,23.93,2023-05-31,3
644,Target 1,ND,2023-06-07,3
645,Target 2,ND,2023-06-07,3
646,Extraction control,28.14,2023-06-07,3
647,Normalization factor,24.98,2023-06-07,3
648,Target 1,ND,2023-06-14,3
649,Target 2,ND,2023-06-14,3
650,Extraction control,28.9,2023-06-14,3
651,Normalization factor,23.92,2023-06-14,3
652,Target 1,36.8,2023-06-21,3
653,Target 2,ND,2023-06-21,3
654,Extraction control,28.97,2023-06-21,3
655,Normalization factor,24.25,2023-06-21,3
656,Target 1,ND,2023-06-28,3
657,Target 2,ND,2023-06-28,3
658,Extraction control,27.23,2023-06-28,3
659,Normalization factor,25.17,2023-06-28,3
660,Target 1,ND,2023-07-06,3
661,Target 2,ND,2023-07-06,3
662,Extraction control,29.59,2023-07-06,3
663,Normalization factor,25.82,2023-07-06,3
664,Target 1,ND,2023-07-12,3
665,Target 2,ND,2023-07-12,3
666,Extraction control,27.56,2023-07-12,3
667,Normalization factor,23.53,2023-07-12,3
668,Target 1,36.63,2023-07-19,3
669,Target 2,ND,2023-07-19,3
670,Extraction control,28.27,2023-07-19,3
671,Normalization factor,24.48,2023-07-19,3
672,Target 1,ND,2023-07-26,3
673,Target 2,ND,2023-07-26,3
674,Extraction control,30.23,2023-07-26,3
675,Normalization factor,27.92,2023-07-26,3
676,Target 1,ND,2023-08-02,3
677,Target 2,ND,2023-08-02,3
678,Extraction control,29.65,2023-08-02,3
679,Normalization factor,26.71,2023-08-02,3
680,Target 1,ND,2023-08-09,3
681,Target 2,ND,2023-08-09,3
682,Extraction control,29.52,2023-08-09,3
683,Normalization factor,26.93,2023-08-09,3
684,Target 1,37.62,2023-08-16,3
685,Target 2,39.17,2023-08-16,3
686,Extraction control,28.28,2023-08-16,3
687,Normalization factor,26.32,2023-08-16,3
688,Target 1,34.83,2023-08-23,3
689,Target 2,ND,2023-08-23,3
690,Extraction control,30.49,2023-08-23,3
691,Normalization factor,26.57,2023-08-23,3
692,Target 1,36.19,2023-08-30,3
693,Target 2,42.32,2023-08-30,3
694,Extraction control,29.7,2023-08-30,3
695,Normalization factor,25.04,2023-08-30,3
696,Target 1,35.53,2023-09-06,3
697,Target 2,38.67,2023-09-06,3
698,Extraction control,30.73,2023-09-06,3
699,Normalization factor,26.28,2023-09-06,3
700,Target 1,ND,2023-09-13,3
701,Target 2,ND,2023-09-13,3
702,Extraction control,29.97,2023-09-13,3
703,Normalization factor,27.45,2023-09-13,3
704,Target 1,ND,2023-09-20,3
705,Target 2,39.34,2023-09-20,3
706,Extraction control,28.42,2023-09-20,3
707,Normalization factor,25.71,2023-09-20,3
708,Target 1,ND,2023-09-27,3
709,Target 2,ND,2023-09-27,3
710,Extraction control,28.32,2023-09-27,3
711,Normalization factor,26.12,2023-09-27,3
712,Target 1,ND,2023-10-04,3
713,Target 2,42.73,2023-10-04,3
714,Extraction control,28.55,2023-10-04,3
715,Normalization factor,25.79,2023-10-04,3
716,Target 1,ND,2023-10-11,3
717,Target 2,ND,2023-10-11,3
718,Extraction control,26.39,2023-10-11,3
719,Normalization factor,25.02,2023-10-11,3
720,Target 1,37.28,2023-10-18,3
721,Target 2,39.71,2023-10-18,3
722,Extraction control,26.73,2023-10-18,3
723,Normalization factor,25.11,2023-10-18,3
724,Target 1,ND,2023-10-25,3
725,Target 2,ND,2023-10-25,3
726,Extraction control,24.71,2023-10-25,3
727,Normalization factor,22.01,2023-10-25,3
728,Target 1,ND,2023-11-01,3
729,Target 2,ND,2023-11-01,3
730,Extraction control,27.89,2023-11-01,3
731,Normalization factor,24.93,2023-11-01,3
732,Target 1,ND,2023-11-07,3
733,Target 2,ND,2023-11-07,3
734,Extraction control,27.35,2023-11-07,3
735,Normalization factor,25.51,2023-11-07,3
736,Target 1,36.09,2023-11-15,3
737,Target 2,40.62,2023-11-15,3
738,Extraction control,26.5,2023-11-15,3
739,Normalization factor,24.93,2023-11-15,3
740,Target 1,ND,2023-11-21,3
741,Target 2,ND,2023-11-21,3
742,Extraction control,26.5,2023-11-21,3
743,Normalization factor,24.49,2023-11-21,3
744,Target 1,37.21,2023-11-29,3
745,Target 2,37.3,2023-11-29,3
746,Extraction control,26.67,2023-11-29,3
747,Normalization factor,25.51,2023-11-29,3
748,Target 1,36.63,2023-12-06,3
749,Target 2,35.93,2023-12-06,3
750,Extraction control,28.13,2023-12-06,3
751,Normalization factor,26.44,2023-12-06,3
752,Target 1,35.74,2023-12-13,3
753,Target 2,36.02,2023-12-13,3
754,Extraction control,28.46,2023-12-13,3
755,Normalization factor,25.79,2023-12-13,3
756,Target 1,37.87,2023-12-20,3
757,Target 2,ND,2023-12-20,3
758,Extraction control,28.46,2023-12-20,3
759,Normalization factor,28.1,2023-12-20,3
760,Target 1,ND,2023-12-27,3
761,Target 2,38.91,2023-12-27,3
762,Extraction control,29.17,2023-12-27,3
763,Normalization factor,27.62,2023-12-27,3
764,Target 1,ND,2024-01-03,3
765,Target 2,ND,2024-01-03,3
766,Extraction control,28.07,2024-01-03,3
767,Normalization factor,26.76,2024-01-03,3
768,Target 1,ND,2024-01-10,3
769,Target 2,39.5,2024-01-10,3
770,Extraction control,29.1,2024-01-10,3
771,Normalization factor,28.56,2024-01-10,3
772,Target 1,36.17,2024-01-17,3
773,Target 2,36.6,2024-01-17,3
774,Extraction control,28.42,2024-01-17,3
775,Normalization factor,29.1,2024-01-17,3
776,Target 1,ND,2024-01-24,3
777,Target 2,ND,2024-01-24,3
778,Extraction control,27.85,2024-01-24,3
779,Normalization factor,26.43,2024-01-24,3
780,Target 1,ND,2024-01-31,3
781,Target 2,ND,2024-01-31,3
782,Extraction control,27.98,2024-01-31,3
783,Normalization factor,26.29,2024-01-31,3
784,Target 1,35.64,2024-02-07,3
785,Target 2,39.11,2024-02-07,3
786,Extraction control,27.6,2024-02-07,3
787,Normalization factor,27.02,2024-02-07,3
788,Target 1,36.83,2024-02-14,3
789,Target 2,ND,2024-02-14,3
790,Extraction control,28.34,2024-02-14,3
791,Normalization factor,28.41,2024-02-14,3
792,Target 1,35.94,2024-02-21,3
793,Target 2,ND,2024-02-21,3
794,Extraction control,21.68,2024-02-21,3
795,Normalization factor,25.53,2024-02-21,3
796,Target 1,37.89,2024-02-28,3
797,Target 2,ND,2024-02-28,3
798,Extraction control,24.49,2024-02-28,3
799,Normalization factor,26.5,2024-02-28,3
800,Target 1,ND,2024-03-06,3
801,Target 2,ND,2024-03-06,3
802,Extraction control,24.95,2024-03-06,3
803,Normalization factor,26.46,2024-03-06,3
804,Target 1,34.98,2024-03-13,3
805,Target 2,40.29,2024-03-13,3
806,Extraction control,24.32,2024-03-13,3
807,Normalization factor,26.64,2024-03-13,3
808,Target 1,36.25,2024-03-20,3
809,Target 2,ND,2024-03-20,3
810,Extraction control,25.38,2024-03-20,3
811,Normalization factor,26.69,2024-03-20,3
812,Target 1,37.55,2024-03-27,3
813,Target 2,38.79,2024-03-27,3
814,Extraction control,26.13,2024-03-27,3
815,Normalization factor,27.03,2024-03-27,3
816,Target 1,36.07,2024-04-03,3
817,Target 2,ND,2024-04-03,3
818,Extraction control,25.61,2024-04-03,3
819,Normalization factor,28.27,2024-04-03,3
820,Target 1,34.08,2024-04-10,3
821,Target 2,35.4,2024-04-10,3
822,Extraction control,24.3,2024-04-10,3
823,Normalization factor,26.65,2024-04-10,3
824,Target 1,ND,2024-04-17,3
825,Target 2,ND,2024-04-17,3
826,Extraction control,23.47,2024-04-17,3
827,Normalization factor,26.42,2024-04-17,3
828,Target 1,37.5,2024-04-24,3
829,Target 2,37.91,2024-04-24,3
830,Extraction control,23.91,2024-04-24,3
831,Normalization factor,25.16,2024-04-24,3
832,Target 1,ND,2024-04-30,3
833,Target 2,ND,2024-04-30,3
834,Extraction control,25.87,2024-04-30,3
835,Normalization factor,24.87,2024-04-30,3
836,Target 1,ND,2024-05-08,3
837,Target 2,38.42,2024-05-08,3
838,Extraction control,23.99,2024-05-08,3
839,Normalization factor,25.39,2024-05-08,3
840,Target 1,ND,2024-05-15,3
841,Target 2,ND,2024-05-15,3
842,Extraction control,26.34,2024-05-15,3
843,Normalization factor,26.2,2024-05-15,3
844,Target 1,ND,2024-05-22,3
845,Target 2,ND,2024-05-22,3
846,Extraction control,26.38,2024-05-22,3
847,Normalization factor,25.92,2024-05-22,3
848,Target 1,ND,2024-05-29,3
849,Target 2,ND,2024-05-29,3
850,Extraction control,26.25,2024-05-29,3
851,Normalization factor,26.44,2024-05-29,3
852,Target 1,ND,2024-06-05,3
853,Target 2,ND,2024-06-05,3
854,Extraction control,24.67,2024-06-05,3
855,Normalization factor,26.35,2024-06-05,3
856,Target 1,ND,2024-06-12,3
857,Target 2,ND,2024-06-12,3
858,Extraction control,23.48,2024-06-12,3
859,Normalization factor,25.21,2024-06-12,3
860,Target 1,ND,2024-06-18,3
861,Target 2,ND,2024-06-18,3
862,Extraction control,24.61,2024-06-18,3
863,Normalization factor,26.21,2024-06-18,3
864,Target 1,ND,2024-06-27,3
865,Target 2,ND,2024-06-27,3
866,Extraction control,25.52,2024-06-27,3
867,Normalization factor,26.06,2024-06-27,3
868,Target 1,ND,2024-07-02,3
869,Target 2,ND,2024-07-02,3
870,Extraction control,26.71,2024-07-02,3
871,Normalization factor,25.78,2024-07-02,3
872,Target 1,35.62,2024-07-10,3
873,Target 2,36.5,2024-07-10,3
874,Extraction control,26.68,2024-07-10,3
875,Normalization factor,26.15,2024-07-10,3
876,Target 1,ND,2024-07-17,3
877,Target 2,ND,2024-07-17,3
878,Extraction control,25.39,2024-07-17,3
879,Normalization factor,26.97,2024-07-17,3
880,Target 1,ND,2024-07-24,3
881,Target 2,ND,2024-07-24,3
882,Extraction control,26.89,2024-07-24,3
883,Normalization factor,25.8,2024-07-24,3
884,Target 1,ND,2024-08-01,3
885,Target 2,ND,2024-08-01,3
886,Extraction control,25.84,2024-08-01,3
887,Normalization factor,25.66,2024-08-01,3
888,Target 1,36.32,2024-08-07,3
889,Target 2,38.73,2024-08-07,3
890,Extraction control,26.97,2024-08-07,3
891,Normalization factor,26.81,2024-08-07,3
892,Target 1,36.64,2024-08-14,3
893,Target 2,37.2,2024-08-14,3
894,Extraction control,27.0,2024-08-14,3
895,Normalization factor,26.3,2024-08-14,3
896,Target 1,ND,2024-08-21,3
897,Target 2,39.08,2024-08-21,3
898,Extraction control,26.2,2024-08-21,3
899,Normalization factor,26.63,2024-08-21,3
900,Target 1,ND,2024-08-28,3
901,Target 2,ND,2024-08-28,3
902,Extraction control,26.58,2024-08-28,3
903,Normalization factor,26.31,2024-08-28,3
904,Target 1,35.17,2024-09-04,3
905,Target 2,36.69,2024-09-04,3
906,Extraction control,25.29,2024-09-04,3
907,Normalization factor,25.88,2024-09-04,3
908,Target 1,ND,2024-09-11,3
909,Target 2,38.69,2024-09-11,3
910,Extraction control,25.12,2024-09-11,3
911,Normalization factor,25.83,2024-09-11,3
912,Target 1,ND,2024-09-18,3
913,Target 2,ND,2024-09-18,3
914,Extraction control,25.24,2024-09-18,3
915,Normalization factor,27.08,2024-09-18,3
916,Target 1,ND,2024-09-25,3
917,Target 2,38.14,2024-09-25,3
918,Extraction control,26.05,2024-09-25,3
919,Normalization factor,27.58,2024-09-25,3
920,Target 1,38.15,2024-10-02,3
921,Target 2,ND,2024-10-02,3
922,Extraction control,24.58,2024-10-02,3
923,Normalization factor,26.03,2024-10-02,3
924,Target 1,NoSample,2024-10-09,3
925,Target 2,NoSample,2024-10-09,3
926,Extraction control,NoSample,2024-10-09,3
927,Normalization factor,NoSample,2024-10-09,3
928,Target 1,ND,2024-10-16,3
929,Target 2,39.05,2024-10-16,3
930,Extraction control,25.69,2024-10-16,3
931,Normalization factor,27.99,2024-10-16,3
932,Target 1,ND,2024-10-23,3
933,Target 2,ND,2024-10-23,3
934,Extraction control,24.67,2024-10-23,3
935,Normalization factor,27.0,2024-10-23,3
936,Target 1,ND,2024-10-30,3
937,Target 2,ND,2024-10-30,3
938,Extraction control,24.93,2024-10-30,3
939,Normalization factor,27.65,2024-10-30,3
940,Target 1,ND,2024-11-06,3
941,Target 2,ND,2024-11-06,3
942,Extraction control,25.74,2024-11-06,3
943,Normalization factor,29.62,2024-11-06,3
944,Target 1,ND,2024-11-13,3
945,Target 2,ND,2024-11-13,3
946,Extraction control,25.2,2024-11-13,3
947,Normalization factor,27.1,2024-11-13,3
948,Target 1,33.09,2024-11-20,3
949,Target 2,33.15,2024-11-20,3
950,Extraction control,24.59,2024-11-20,3
951,Normalization factor,28.61,2024-11-20,3
952,Target 1,ND,2024-11-26,3
953,Target 2,ND,2024-11-26,3
954,Extraction control,24.9,2024-11-26,3
955,Normalization factor,25.07,2024-11-26,3
956,Target 1,ND,2024-12-04,3
957,Target 2,ND,2024-12-04,3
958,Extraction control,24.81,2024-12-04,3
959,Normalization factor,27.02,2024-12-04,3
